title,platform,genre,publish_date,duration_min,views,likes,completion_rate
Content 1,Spotify,Drama,2025-11-21,4,8009,469,0.75
Content 2,Spotify,Education,2025-04-25,4,31965,1257,0.4
Content 3,YouTube,Comedy,2025-12-25,3,14568,881,0.37
Content 4,YouTube,Gaming,2025-08-03,26,15899,866,0.73
Content 5,Netflix,Technology,2024-05-02,40,129223,3507,0.7
Content 6,YouTube,Comedy,2025-08-31,28,69921,2395,0.39
Content 7,Spotify,Gaming,2024-12-28,5,78439,2574,0.61
Content 8,YouTube,Technology,2024-07-16,29,10832,528,0.72
Content 9,Netflix,Comedy,2024-11-09,56,18670,1146,0.63
Content 10,YouTube,Technology,2024-10-30,46,73908,5135,0.38
Content 11,Netflix,Gaming,2025-08-14,81,10124,213,0.68
Content 12,YouTube,Comedy,2024-05-18,36,71944,4702,0.73
Content 13,Spotify,Drama,2025-08-16,5,117143,8186,0.78
Content 14,Netflix,Comedy,2025-07-05,33,7037,434,0.49
Content 15,Netflix,Music,2024-07-24,15,22389,648,0.48
Content 16,Netflix,Documentary,2025-08-12,3,16358,824,0.35
Content 17,YouTube,Comedy,2025-09-06,44,10055,594,0.4
Content 18,Netflix,Comedy,2024-06-14,3,15298,1132,0.47
Content 19,Spotify,Technology,2025-02-05,4,39795,2680,0.87
Content 20,Netflix,Education,2024-10-17,26,30133,739,0.73
Content 21,Netflix,Drama,2025-09-02,34,37498,1599,0.72
Content 22,Netflix,Documentary,2024-10-09,22,45323,2301,0.48
Content 23,YouTube,Comedy,2025-06-07,59,12906,235,0.36
Content 24,YouTube,Comedy,2024-11-03,48,17437,1224,0.46
Content 25,YouTube,Drama,2025-09-19,66,21222,430,0.67
Content 26,Spotify,Documentary,2024-07-10,2,5321,338,0.62
Content 27,Netflix,Music,2025-09-26,3,47666,945,0.48
Content 28,YouTube,Music,2025-07-24,11,51194,3711,0.56
Content 29,Spotify,Technology,2025-01-23,2,12087,745,0.61
Content 30,YouTube,Gaming,2024-03-05,40,12043,483,0.57
Content 31,YouTube,Documentary,2024-10-30,52,54748,4235,0.63
Content 32,Netflix,Education,2025-12-17,8,61163,1298,0.79
Content 33,Spotify,Documentary,2025-04-26,3,109930,4317,0.53
Content 34,Spotify,Documentary,2024-12-10,2,23404,1635,0.83
Content 35,Spotify,Education,2024-04-15,5,45736,2872,0.8
Content 36,Netflix,Gaming,2024-12-31,16,9827,333,0.53
Content 37,Netflix,Technology,2024-08-05,10,18195,1361,0.56
Content 38,YouTube,Gaming,2025-12-05,9,39043,3046,0.78
Content 39,Netflix,Comedy,2024-05-20,48,13023,763,0.42
Content 40,YouTube,Comedy,2024-11-03,17,19888,605,0.67
Content 41,Netflix,Music,2025-05-03,52,22112,1484,0.45
Content 42,Netflix,Gaming,2025-10-19,102,31314,1936,0.6
Content 43,YouTube,Documentary,2025-07-28,53,274381,10152,0.63
Content 44,YouTube,Comedy,2025-11-17,7,101992,3231,0.55
Content 45,Spotify,Comedy,2024-06-20,3,5899,247,0.53
Content 46,Spotify,Music,2024-04-15,2,23033,1620,0.88
Content 47,Spotify,Documentary,2024-07-03,5,34233,1967,0.5
Content 48,Spotify,Comedy,2024-11-20,2,41058,2261,0.41
Content 49,Netflix,Drama,2025-11-26,74,14628,787,0.77
Content 50,YouTube,Comedy,2024-11-23,66,10348,581,0.61
Content 51,YouTube,Music,2024-07-31,47,114259,8132,0.84
Content 52,Spotify,Education,2024-02-17,4,23690,870,0.48
Content 53,Netflix,Drama,2024-04-11,23,19108,758,0.41
Content 54,Netflix,Drama,2025-06-29,63,60099,1704,0.76
Content 55,YouTube,Documentary,2024-06-11,44,21738,636,0.66
Content 56,YouTube,Documentary,2025-10-31,42,24187,1529,0.72
Content 57,Netflix,Drama,2024-03-03,64,76594,5954,0.63
Content 58,YouTube,Technology,2025-12-28,39,1078,74,0.51
Content 59,YouTube,Education,2024-06-22,69,48370,3473,0.57
Content 60,YouTube,Documentary,2024-07-09,39,16411,306,0.38
Content 61,YouTube,Comedy,2025-07-19,36,43655,3217,0.4
Content 62,Spotify,Technology,2025-02-28,2,11770,470,0.78
Content 63,YouTube,Documentary,2024-05-08,52,14359,619,0.4
Content 64,Spotify,Drama,2024-07-04,3,30735,973,0.53
Content 65,Spotify,Drama,2025-06-30,5,36865,2494,0.63
Content 66,YouTube,Comedy,2025-01-06,55,24148,1695,0.79
Content 67,Spotify,Gaming,2025-07-23,2,11703,805,0.78
Content 68,Netflix,Comedy,2025-02-16,82,120824,5979,0.35
Content 69,Netflix,Education,2024-12-21,18,34464,1944,0.49
Content 70,Netflix,Education,2024-07-04,39,33402,1811,0.38
Content 71,YouTube,Documentary,2025-12-01,40,76370,2554,0.36
Content 72,YouTube,Music,2024-09-30,21,47408,3556,0.75
Content 73,Spotify,Documentary,2025-09-23,5,80511,5633,0.46
Content 74,Netflix,Education,2024-08-12,48,1560,68,0.7
Content 75,Spotify,Education,2024-06-14,3,5341,222,0.65
Content 76,Netflix,Gaming,2025-06-02,39,74220,1832,0.8
Content 77,YouTube,Gaming,2024-09-27,19,9288,162,0.76
Content 78,Netflix,Gaming,2025-11-04,45,5462,267,0.65
Content 79,YouTube,Comedy,2024-11-16,4,15241,1008,0.37
Content 80,Spotify,Music,2025-07-01,2,62268,4373,0.72
Content 81,Spotify,Drama,2024-01-15,3,3513,278,0.59
Content 82,Netflix,Drama,2025-10-04,20,79402,2903,0.86
Content 83,YouTube,Documentary,2024-08-21,15,77774,1640,0.8
Content 84,Netflix,Technology,2024-05-08,3,28664,2269,0.79
Content 85,Spotify,Education,2025-08-31,3,14647,860,0.84
Content 86,YouTube,Drama,2025-12-28,71,38180,1817,0.5
Content 87,Spotify,Music,2025-11-15,2,49103,1843,0.45
Content 88,YouTube,Gaming,2025-12-19,3,8310,573,0.8
Content 89,Netflix,Music,2024-06-22,4,86361,1558,0.64
Content 90,YouTube,Drama,2024-07-09,41,9490,203,0.48
Content 91,Netflix,Music,2024-12-22,36,42600,991,0.5
Content 92,Netflix,Music,2025-06-30,19,43475,2397,0.51
Content 93,Netflix,Gaming,2025-03-13,6,63180,3931,0.71
Content 94,Spotify,Gaming,2025-07-10,2,28996,711,0.66
Content 95,YouTube,Education,2024-09-05,32,13329,599,0.68
Content 96,Netflix,Gaming,2024-06-23,45,35575,802,0.52
Content 97,Netflix,Documentary,2024-08-25,52,68555,2804,0.86
Content 98,Netflix,Drama,2025-01-28,37,23957,624,0.43
Content 99,Spotify,Education,2025-10-08,3,4532,117,0.48
Content 100,Spotify,Documentary,2024-10-20,3,16185,1138,0.8
Content 101,YouTube,Comedy,2025-08-16,27,62884,3623,0.67
Content 102,Spotify,Comedy,2024-09-20,6,6958,547,0.58
Content 103,YouTube,Comedy,2025-09-03,43,31551,606,0.46
Content 104,Netflix,Comedy,2024-10-20,32,16061,316,0.67
Content 105,Netflix,Gaming,2025-11-10,36,10629,421,0.89
Content 106,YouTube,Technology,2025-12-03,21,10579,202,0.59
Content 107,Netflix,Gaming,2025-08-02,21,19312,608,0.41
Content 108,YouTube,Music,2024-11-18,39,91764,2081,0.7
Content 109,Netflix,Education,2025-05-14,51,72215,4607,0.42
Content 110,Netflix,Drama,2024-07-03,19,24964,1211,0.59
Content 111,YouTube,Drama,2024-09-13,42,10703,404,0.84
Content 112,Spotify,Music,2024-06-14,4,28154,1888,0.83
Content 113,YouTube,Documentary,2025-04-04,7,209051,9531,0.65
Content 114,Spotify,Gaming,2025-04-17,3,34265,1440,0.71
Content 115,YouTube,Comedy,2024-10-05,42,14215,652,0.74
Content 116,YouTube,Education,2025-03-16,28,299753,17015,0.59
Content 117,Spotify,Gaming,2024-07-14,3,16435,632,0.49
Content 118,YouTube,Music,2024-07-01,98,66422,5277,0.5
Content 119,YouTube,Drama,2025-01-28,34,27239,822,0.39
Content 120,Spotify,Gaming,2025-09-28,3,20584,1128,0.4
Content 121,YouTube,Drama,2025-12-01,51,11119,369,0.65
Content 122,Spotify,Drama,2024-09-16,5,60507,4214,0.6
Content 123,Netflix,Music,2024-05-09,34,56538,2635,0.39
Content 124,Spotify,Drama,2025-11-27,2,43929,3401,0.36
Content 125,Netflix,Gaming,2024-11-09,38,168102,6219,0.74
Content 126,Spotify,Gaming,2024-03-09,3,37899,1342,0.71
Content 127,Netflix,Comedy,2025-08-09,29,8937,237,0.46
Content 128,YouTube,Gaming,2025-02-28,16,25591,1095,0.78
Content 129,Netflix,Drama,2025-05-27,49,5147,290,0.88
Content 130,Netflix,Comedy,2025-04-11,53,29256,1022,0.47
Content 131,Netflix,Technology,2025-07-19,52,35593,1027,0.46
Content 132,YouTube,Gaming,2025-03-01,36,8050,454,0.46
Content 133,Netflix,Gaming,2024-07-15,38,89234,4136,0.37
Content 134,YouTube,Drama,2024-09-13,8,27362,2102,0.71
Content 135,Spotify,Music,2024-05-18,4,1743,80,0.47
Content 136,YouTube,Technology,2025-12-09,32,91762,1618,0.41
Content 137,Spotify,Education,2024-12-20,2,14053,609,0.78
Content 138,Spotify,Comedy,2025-06-08,5,35938,832,0.54
Content 139,Spotify,Documentary,2025-04-23,5,133281,7534,0.55
Content 140,Netflix,Documentary,2025-09-13,8,14989,989,0.45
Content 141,YouTube,Education,2024-08-27,35,20843,481,0.61
Content 142,Spotify,Education,2025-07-29,3,12368,518,0.67
Content 143,Spotify,Gaming,2025-01-20,4,54274,2231,0.8
Content 144,Netflix,Education,2024-11-01,21,40515,1552,0.57
Content 145,YouTube,Comedy,2024-05-05,14,101216,3213,0.62
Content 146,Netflix,Drama,2024-02-23,60,56434,3896,0.75
Content 147,Netflix,Technology,2025-01-08,11,17036,379,0.49
Content 148,Netflix,Technology,2024-07-21,35,40217,1372,0.77
Content 149,Netflix,Music,2025-03-29,27,15204,543,0.51
Content 150,Netflix,Education,2024-03-26,50,6741,271,0.87
Content 151,Spotify,Documentary,2024-08-05,2,4863,312,0.75
Content 152,YouTube,Comedy,2024-10-09,56,39913,2084,0.83
Content 153,YouTube,Music,2024-05-29,43,37254,1832,0.36
Content 154,YouTube,Comedy,2024-01-27,49,15441,1081,0.82
Content 155,Spotify,Technology,2025-08-21,2,6865,437,0.77
Content 156,Spotify,Music,2024-04-29,3,15004,368,0.42
Content 157,Spotify,Education,2025-12-07,3,24862,1016,0.36
Content 158,Netflix,Music,2024-06-12,79,27093,420,0.69
Content 159,Netflix,Documentary,2025-10-14,62,2230,91,0.41
Content 160,Netflix,Technology,2025-10-29,3,54291,3202,0.36
Content 161,Spotify,Documentary,2025-06-01,2,8348,432,0.71
Content 162,Spotify,Gaming,2025-11-14,2,32782,1700,0.53
Content 163,YouTube,Documentary,2025-02-10,18,48243,2032,0.55
Content 164,YouTube,Music,2025-10-08,23,64317,1673,0.66
Content 165,Spotify,Education,2025-10-23,5,5779,416,0.44
Content 166,YouTube,Education,2025-07-20,36,27159,1139,0.63
Content 167,YouTube,Education,2024-05-22,46,5927,324,0.61
Content 168,YouTube,Comedy,2024-05-14,3,17077,268,0.43
Content 169,YouTube,Comedy,2025-10-20,43,34151,2024,0.78
Content 170,Netflix,Education,2025-08-26,28,53880,1593,0.74
Content 171,Netflix,Education,2024-07-26,12,17598,996,0.68
Content 172,YouTube,Education,2025-07-13,57,14277,662,0.77
Content 173,Spotify,Technology,2024-11-28,6,21795,1025,0.43
Content 174,Netflix,Comedy,2024-03-15,63,47660,2877,0.68
Content 175,YouTube,Education,2024-10-23,17,159702,9776,0.76
Content 176,Netflix,Gaming,2025-02-19,27,215916,6706,0.62
Content 177,YouTube,Gaming,2025-10-29,35,15499,701,0.76
Content 178,YouTube,Documentary,2025-01-27,82,51251,2151,0.43
Content 179,Netflix,Comedy,2025-07-26,18,25589,1270,0.86
Content 180,YouTube,Music,2024-10-12,27,8912,661,0.44
Content 181,Netflix,Education,2024-04-14,24,56874,4215,0.42
Content 182,Netflix,Comedy,2024-11-15,16,66112,5077,0.42
Content 183,YouTube,Technology,2025-04-17,54,46886,2827,0.7
Content 184,Netflix,Music,2024-08-30,24,30639,775,0.73
Content 185,Netflix,Technology,2024-01-13,42,11445,381,0.76
Content 186,Spotify,Gaming,2024-02-22,2,3188,86,0.77
Content 187,Spotify,Comedy,2024-07-17,3,90855,5996,0.66
Content 188,YouTube,Documentary,2025-08-13,51,79091,3050,0.87
Content 189,Spotify,Gaming,2024-12-26,4,44675,2375,0.53
Content 190,Netflix,Music,2024-08-06,65,27230,1598,0.56
Content 191,Netflix,Drama,2024-08-26,33,5602,239,0.85
Content 192,YouTube,Technology,2025-07-12,3,24676,1548,0.89
Content 193,YouTube,Drama,2025-10-30,82,59833,3126,0.47
Content 194,YouTube,Comedy,2025-11-03,67,7431,324,0.78
Content 195,YouTube,Education,2025-05-19,26,18560,811,0.52
Content 196,YouTube,Technology,2025-05-09,55,18673,369,0.35
Content 197,Netflix,Education,2024-05-27,20,23433,1366,0.73
Content 198,YouTube,Music,2025-08-26,51,33870,2408,0.6
Content 199,Spotify,Comedy,2025-10-13,4,23553,442,0.71
Content 200,YouTube,Education,2025-09-05,46,294821,5268,0.6
Content 201,YouTube,Technology,2024-09-17,32,42102,947,0.38
Content 202,Spotify,Drama,2025-06-25,2,102472,2299,0.49
Content 203,Spotify,Comedy,2024-04-02,5,17546,1221,0.55
Content 204,YouTube,Gaming,2025-10-20,31,12185,416,0.66
Content 205,Spotify,Comedy,2025-05-12,2,9193,150,0.59
Content 206,Spotify,Education,2024-01-25,4,25468,1050,0.66
Content 207,YouTube,Gaming,2025-11-02,64,30496,639,0.53
Content 208,Netflix,Documentary,2024-06-09,49,14552,264,0.82
Content 209,YouTube,Comedy,2025-11-28,8,4198,188,0.86
Content 210,YouTube,Drama,2025-02-01,14,17310,1211,0.48
Content 211,Netflix,Comedy,2025-06-15,3,32713,1909,0.54
Content 212,YouTube,Comedy,2024-05-15,51,37620,2639,0.5
Content 213,YouTube,Drama,2025-11-30,29,43982,1233,0.57
Content 214,YouTube,Music,2025-06-20,48,87029,3123,0.52
Content 215,Netflix,Drama,2024-12-29,3,49427,3731,0.54
Content 216,Spotify,Documentary,2025-10-24,4,129127,3536,0.83
Content 217,YouTube,Documentary,2024-08-14,58,17429,915,0.73
Content 218,YouTube,Gaming,2024-07-28,56,47582,1899,0.75
Content 219,Spotify,Comedy,2024-10-04,4,240197,4574,0.37
Content 220,Spotify,Documentary,2025-09-14,3,66837,5066,0.72
Content 221,Spotify,Documentary,2025-11-02,3,14814,1169,0.5
Content 222,YouTube,Technology,2024-06-09,39,825131,47046,0.61
Content 223,Netflix,Gaming,2025-05-14,56,27324,1187,0.42
Content 224,Netflix,Music,2024-12-24,58,16240,522,0.77
Content 225,Netflix,Comedy,2025-10-24,28,8098,173,0.64
Content 226,Spotify,Gaming,2025-01-11,2,15486,460,0.72
Content 227,Netflix,Education,2025-09-09,33,9924,241,0.74
Content 228,YouTube,Drama,2025-03-29,38,27595,1704,0.44
Content 229,YouTube,Comedy,2024-09-10,3,71632,3198,0.62
Content 230,Spotify,Drama,2025-02-11,4,10275,618,0.43
Content 231,Netflix,Gaming,2024-11-12,15,11959,341,0.37
Content 232,YouTube,Drama,2024-06-30,15,55694,4139,0.69
Content 233,Spotify,Documentary,2024-05-01,3,19956,934,0.71
Content 234,Spotify,Drama,2024-02-13,4,33050,1644,0.53
Content 235,Netflix,Documentary,2024-01-06,32,4591,137,0.78
Content 236,YouTube,Comedy,2024-05-17,20,10174,760,0.88
Content 237,YouTube,Gaming,2025-11-09,23,14381,254,0.64
Content 238,Netflix,Comedy,2025-02-19,33,41727,3036,0.74
Content 239,YouTube,Comedy,2024-02-19,80,28218,895,0.77
Content 240,Spotify,Music,2024-05-08,4,5146,345,0.38
Content 241,YouTube,Technology,2024-10-22,30,117933,4222,0.79
Content 242,Netflix,Technology,2025-06-08,40,20900,1067,0.7
Content 243,Netflix,Technology,2025-01-31,33,28589,1484,0.57
Content 244,YouTube,Comedy,2025-06-18,53,38482,1198,0.83
Content 245,YouTube,Music,2024-05-27,18,23235,1034,0.59
Content 246,Netflix,Gaming,2024-08-06,20,17818,1054,0.45
Content 247,Spotify,Drama,2024-03-04,5,240189,7774,0.39
Content 248,YouTube,Documentary,2025-02-16,23,10179,767,0.69
Content 249,YouTube,Comedy,2025-11-20,44,19269,1019,0.43
Content 250,Spotify,Education,2025-05-08,4,240239,8855,0.59
Content 251,YouTube,Documentary,2024-04-06,31,15339,299,0.85
Content 252,Netflix,Music,2024-08-22,28,10347,620,0.87
Content 253,Netflix,Drama,2024-05-09,38,14578,329,0.4
Content 254,YouTube,Gaming,2025-08-02,44,9332,590,0.38
Content 255,YouTube,Drama,2024-07-27,26,38065,2348,0.6
Content 256,Spotify,Drama,2024-08-17,4,38770,1685,0.66
Content 257,YouTube,Music,2025-10-27,31,68231,4720,0.89
Content 258,Spotify,Music,2024-04-01,2,10918,457,0.7
Content 259,Netflix,Comedy,2025-05-20,21,13341,522,0.38
Content 260,YouTube,Education,2025-07-01,16,47394,3188,0.37
Content 261,Netflix,Technology,2024-06-12,74,13465,402,0.55
Content 262,YouTube,Comedy,2025-03-14,85,70738,2283,0.54
Content 263,Netflix,Music,2024-11-02,24,75120,2435,0.48
Content 264,Netflix,Education,2025-02-23,3,4918,232,0.38
Content 265,YouTube,Comedy,2024-06-02,30,49778,1224,0.4
Content 266,Netflix,Technology,2024-04-10,46,48291,2438,0.54
Content 267,Netflix,Music,2025-05-06,28,247510,11855,0.78
Content 268,YouTube,Music,2025-08-16,16,44878,3161,0.49
Content 269,YouTube,Education,2024-04-06,19,5091,234,0.36
Content 270,Spotify,Documentary,2025-11-23,6,15047,904,0.51
Content 271,Spotify,Documentary,2024-08-15,5,12880,1021,0.66
Content 272,Spotify,Comedy,2024-08-07,4,30590,1991,0.44
Content 273,YouTube,Music,2025-05-04,13,38797,2614,0.64
Content 274,YouTube,Documentary,2024-03-09,13,11238,233,0.88
Content 275,YouTube,Comedy,2024-01-10,22,27187,2102,0.73
Content 276,YouTube,Comedy,2025-12-06,27,25044,1626,0.67
Content 277,Netflix,Music,2025-07-02,32,53042,3747,0.5
Content 278,Spotify,Gaming,2025-09-20,3,9173,653,0.6
Content 279,Netflix,Education,2024-01-08,15,24960,1719,0.62
Content 280,Netflix,Education,2025-11-09,18,16443,1257,0.56
Content 281,YouTube,Comedy,2025-08-28,46,32438,2313,0.49
Content 282,Spotify,Documentary,2024-05-19,5,21528,1089,0.65
Content 283,Netflix,Drama,2024-05-06,44,5173,123,0.76
Content 284,Netflix,Music,2025-03-09,48,3384,169,0.4
Content 285,Netflix,Comedy,2024-10-17,67,58644,2165,0.38
Content 286,Netflix,Drama,2025-01-08,52,70545,1184,0.55
Content 287,YouTube,Drama,2025-03-19,49,45704,3415,0.62
Content 288,Spotify,Comedy,2024-10-16,3,13188,279,0.38
Content 289,Netflix,Gaming,2025-08-23,30,27883,1599,0.58
Content 290,YouTube,Comedy,2024-08-27,73,15136,1102,0.88
Content 291,Spotify,Technology,2024-08-11,3,23542,497,0.84
Content 292,Spotify,Education,2025-12-11,5,13428,475,0.8
Content 293,YouTube,Documentary,2025-10-03,3,21935,988,0.45
Content 294,YouTube,Education,2024-03-01,33,25417,696,0.74
Content 295,Netflix,Documentary,2025-05-17,30,56717,2922,0.56
Content 296,YouTube,Music,2024-10-10,3,13893,849,0.68
Content 297,Spotify,Music,2024-01-01,3,72079,4218,0.4
Content 298,Netflix,Drama,2025-12-22,14,29468,899,0.36
Content 299,Netflix,Documentary,2024-04-27,34,73473,3030,0.5
Content 300,Spotify,Drama,2024-07-31,4,60802,2274,0.8
Content 301,YouTube,Documentary,2024-10-05,32,27427,514,0.42
Content 302,Netflix,Drama,2025-11-07,67,15474,247,0.67
Content 303,YouTube,Drama,2025-08-08,75,206164,5469,0.83
Content 304,YouTube,Technology,2024-10-31,50,1955,59,0.75
Content 305,Netflix,Education,2024-01-29,7,17765,1179,0.88
Content 306,Spotify,Education,2024-04-18,4,15945,606,0.4
Content 307,Spotify,Music,2024-06-12,5,33076,1314,0.78
Content 308,Netflix,Gaming,2024-04-18,70,3279,57,0.79
Content 309,Netflix,Drama,2025-05-12,4,20859,943,0.6
Content 310,Netflix,Drama,2025-01-21,42,39858,943,0.83
Content 311,Netflix,Drama,2024-10-15,34,115493,4328,0.5
Content 312,Spotify,Technology,2025-12-28,4,7571,551,0.87
Content 313,Netflix,Music,2025-07-26,64,79275,3832,0.73
Content 314,Spotify,Education,2024-03-23,3,121709,4651,0.65
Content 315,Spotify,Comedy,2025-05-25,3,12382,210,0.82
Content 316,YouTube,Gaming,2025-04-09,11,66508,1437,0.78
Content 317,Netflix,Gaming,2024-03-01,77,100602,7946,0.59
Content 318,YouTube,Gaming,2024-02-03,7,3638,203,0.88
Content 319,Netflix,Comedy,2025-08-12,58,55367,3514,0.82
Content 320,YouTube,Music,2025-03-02,51,121893,4311,0.55
Content 321,Netflix,Comedy,2024-11-29,47,15268,849,0.68
Content 322,Netflix,Education,2024-01-03,21,61160,4324,0.66
Content 323,YouTube,Gaming,2025-12-04,3,75852,4199,0.65
Content 324,Spotify,Comedy,2025-08-08,3,142590,10729,0.72
Content 325,YouTube,Technology,2025-02-27,23,3076,159,0.56
Content 326,YouTube,Comedy,2025-03-16,41,65085,3243,0.45
Content 327,YouTube,Education,2024-01-20,55,16188,324,0.49
Content 328,Netflix,Drama,2025-07-17,61,44377,1785,0.76
Content 329,YouTube,Comedy,2025-02-01,36,23052,1060,0.58
Content 330,Netflix,Technology,2024-07-15,3,15337,901,0.87
Content 331,Netflix,Drama,2025-02-01,33,14381,728,0.58
Content 332,YouTube,Documentary,2024-02-15,38,36154,2686,0.45
Content 333,Netflix,Gaming,2025-03-28,75,67372,4275,0.41
Content 334,Netflix,Documentary,2025-11-14,9,17699,454,0.65
Content 335,Netflix,Gaming,2024-10-14,16,44671,2630,0.41
Content 336,Spotify,Documentary,2025-11-29,3,63381,1356,0.63
Content 337,YouTube,Gaming,2025-09-17,21,23821,672,0.86
Content 338,Netflix,Education,2025-10-21,30,42260,2763,0.53
Content 339,Netflix,Technology,2024-10-20,29,23529,724,0.63
Content 340,YouTube,Drama,2024-01-14,53,23454,1147,0.7
Content 341,YouTube,Technology,2024-05-31,18,16672,303,0.85
Content 342,YouTube,Technology,2025-02-14,46,20397,1054,0.82
Content 343,YouTube,Technology,2024-01-05,31,9696,222,0.79
Content 344,YouTube,Education,2025-06-12,27,188108,9112,0.64
Content 345,YouTube,Drama,2025-06-27,49,32855,866,0.58
Content 346,YouTube,Documentary,2025-01-13,25,15859,382,0.88
Content 347,Spotify,Gaming,2025-03-11,3,38740,802,0.85
Content 348,Netflix,Technology,2024-10-18,37,38621,1939,0.74
Content 349,Netflix,Documentary,2024-04-22,24,50539,2200,0.51
Content 350,YouTube,Comedy,2024-08-15,61,16878,730,0.35
Content 351,YouTube,Drama,2024-02-04,46,15472,1221,0.89
Content 352,YouTube,Technology,2024-07-08,19,19737,1561,0.65
Content 353,YouTube,Documentary,2024-02-01,15,16967,1350,0.61
Content 354,Netflix,Documentary,2024-10-18,34,97153,2349,0.41
Content 355,YouTube,Comedy,2025-01-30,70,10680,782,0.67
Content 356,Netflix,Comedy,2024-01-25,17,6578,292,0.38
Content 357,Netflix,Gaming,2024-02-14,91,6954,165,0.58
Content 358,Spotify,Drama,2024-02-20,3,39663,1203,0.44
Content 359,Spotify,Documentary,2025-07-13,6,11708,317,0.83
Content 360,Spotify,Education,2025-03-04,3,8551,304,0.53
Content 361,YouTube,Documentary,2025-02-07,32,18670,307,0.4
Content 362,YouTube,Education,2024-01-21,27,144711,6408,0.85
Content 363,Netflix,Drama,2024-09-18,50,4896,296,0.84
Content 364,Netflix,Music,2024-08-09,38,19556,509,0.44
Content 365,Spotify,Drama,2024-04-25,3,17000,485,0.56
Content 366,Netflix,Drama,2025-04-26,21,27733,1355,0.54
Content 367,YouTube,Technology,2024-10-24,50,55071,2704,0.41
Content 368,YouTube,Technology,2024-09-17,45,30910,634,0.48
Content 369,YouTube,Documentary,2024-04-21,46,7290,561,0.65
Content 370,Spotify,Documentary,2024-11-03,2,5812,242,0.69
Content 371,Spotify,Drama,2024-06-22,5,60345,906,0.78
Content 372,YouTube,Music,2025-08-25,13,11515,585,0.53
Content 373,Spotify,Education,2024-11-30,2,42782,2204,0.54
Content 374,YouTube,Gaming,2024-07-17,72,11632,190,0.47
Content 375,YouTube,Documentary,2025-05-30,19,40202,2554,0.65
Content 376,YouTube,Comedy,2024-02-10,31,15285,802,0.74
Content 377,YouTube,Gaming,2024-07-03,59,12859,938,0.88
Content 378,Spotify,Drama,2025-03-15,7,32793,2372,0.58
Content 379,YouTube,Music,2024-05-04,13,198825,7718,0.67
Content 380,Spotify,Comedy,2025-08-25,2,359898,18209,0.54
Content 381,Spotify,Documentary,2024-04-27,4,7623,556,0.74
Content 382,YouTube,Education,2024-02-26,54,18950,1222,0.69
Content 383,Netflix,Education,2024-09-25,14,33544,1223,0.77
Content 384,YouTube,Music,2024-06-26,14,21347,1579,0.41
Content 385,YouTube,Gaming,2025-03-13,46,21149,911,0.45
Content 386,YouTube,Comedy,2025-10-03,31,10183,346,0.56
Content 387,Netflix,Comedy,2025-03-12,32,14111,368,0.46
Content 388,YouTube,Education,2025-12-25,45,13799,572,0.69
Content 389,Spotify,Documentary,2025-06-05,4,177905,4948,0.55
Content 390,Spotify,Music,2025-10-13,3,112243,4087,0.35
Content 391,Spotify,Technology,2025-08-23,4,19521,332,0.64
Content 392,Spotify,Music,2025-07-29,4,134786,8464,0.88
Content 393,Netflix,Technology,2024-02-06,35,20969,648,0.68
Content 394,Netflix,Gaming,2025-12-17,37,63994,4972,0.62
Content 395,Netflix,Comedy,2025-10-11,41,33069,601,0.54
Content 396,YouTube,Documentary,2025-05-20,20,5995,195,0.65
Content 397,Netflix,Comedy,2024-04-18,80,24886,495,0.35
Content 398,Netflix,Drama,2025-08-25,15,41319,2996,0.82
Content 399,Netflix,Music,2024-09-06,3,74015,1494,0.48
Content 400,YouTube,Technology,2025-05-08,24,11504,610,0.71
Content 401,YouTube,Music,2025-08-15,69,25294,951,0.37
Content 402,YouTube,Comedy,2025-09-26,34,10532,311,0.67
Content 403,Netflix,Gaming,2024-09-05,3,46291,1631,0.4
Content 404,Netflix,Documentary,2024-09-14,67,35728,582,0.57
Content 405,Netflix,Documentary,2025-07-22,59,14877,815,0.74
Content 406,YouTube,Technology,2025-04-20,47,11018,730,0.78
Content 407,YouTube,Technology,2025-11-15,21,204386,9728,0.77
Content 408,Spotify,Education,2025-05-18,3,35792,1251,0.7
Content 409,Spotify,Gaming,2025-09-23,5,87794,3900,0.52
Content 410,Spotify,Education,2024-05-27,5,16168,927,0.85
Content 411,YouTube,Drama,2025-03-26,42,28648,1436,0.55
Content 412,YouTube,Technology,2024-10-07,11,21618,1511,0.87
Content 413,Netflix,Documentary,2024-08-15,47,11921,641,0.85
Content 414,Spotify,Drama,2024-06-28,5,9644,449,0.89
Content 415,Netflix,Technology,2025-07-17,3,7283,205,0.63
Content 416,YouTube,Technology,2024-11-11,72,13949,351,0.55
Content 417,Netflix,Technology,2024-08-03,4,8922,638,0.88
Content 418,Netflix,Music,2025-07-31,61,16829,468,0.5
Content 419,YouTube,Drama,2025-05-29,61,16062,341,0.66
Content 420,Netflix,Education,2024-03-26,50,13024,851,0.62
Content 421,YouTube,Documentary,2024-02-11,3,22632,460,0.44
Content 422,Netflix,Technology,2025-10-27,48,11590,520,0.83
Content 423,Netflix,Documentary,2024-06-22,3,8301,420,0.45
Content 424,Netflix,Education,2025-09-20,53,7743,129,0.42
Content 425,YouTube,Music,2025-04-18,57,11753,753,0.7
Content 426,Netflix,Drama,2025-11-25,39,51011,1505,0.73
Content 427,YouTube,Education,2024-05-22,34,18901,799,0.37
Content 428,Netflix,Education,2025-12-08,10,178371,6084,0.76
Content 429,YouTube,Drama,2025-06-06,31,27486,2128,0.73
Content 430,YouTube,Drama,2025-05-19,53,24320,1320,0.83
Content 431,Spotify,Gaming,2024-12-18,5,23171,1620,0.73
Content 432,Spotify,Comedy,2025-03-17,7,4772,259,0.55
Content 433,YouTube,Drama,2024-08-26,14,58989,3022,0.49
Content 434,Spotify,Technology,2024-02-24,4,12305,326,0.81
Content 435,YouTube,Documentary,2025-05-04,12,28180,1629,0.75
Content 436,YouTube,Comedy,2024-12-09,6,151197,2673,0.74
Content 437,Netflix,Drama,2025-06-01,37,51396,2872,0.45
Content 438,Spotify,Documentary,2024-08-29,4,8237,310,0.59
Content 439,Spotify,Music,2024-12-31,5,119678,9465,0.4
Content 440,YouTube,Comedy,2024-06-03,49,104337,8192,0.65
Content 441,Netflix,Technology,2025-03-16,23,50311,1880,0.83
Content 442,Spotify,Music,2024-05-16,3,3073,206,0.59
Content 443,YouTube,Gaming,2024-02-28,48,124587,7672,0.78
Content 444,Spotify,Documentary,2025-08-24,2,72209,3789,0.37
Content 445,Spotify,Gaming,2024-11-23,4,25604,1143,0.6
Content 446,Spotify,Education,2024-06-03,4,15001,706,0.64
Content 447,Netflix,Documentary,2025-05-24,39,126752,7909,0.43
Content 448,YouTube,Technology,2025-05-24,30,59803,3341,0.74
Content 449,Spotify,Gaming,2025-02-19,4,40889,2370,0.72
Content 450,Netflix,Education,2024-04-19,19,17043,701,0.62
Content 451,Netflix,Comedy,2025-03-11,13,4747,377,0.65
Content 452,Spotify,Documentary,2024-12-25,2,23553,799,0.5
Content 453,Netflix,Gaming,2025-11-26,34,80968,3953,0.48
Content 454,Spotify,Education,2025-05-03,2,89082,1344,0.71
Content 455,YouTube,Comedy,2025-10-22,11,13353,277,0.84
Content 456,YouTube,Technology,2024-12-08,21,51644,2836,0.86
Content 457,YouTube,Gaming,2024-08-22,3,155975,8213,0.66
Content 458,Netflix,Documentary,2025-11-01,6,96513,3494,0.46
Content 459,YouTube,Education,2025-12-13,24,105263,6746,0.51
Content 460,YouTube,Drama,2025-09-13,47,34045,2420,0.65
Content 461,Spotify,Education,2025-04-23,6,10251,740,0.88
Content 462,YouTube,Comedy,2024-04-29,42,19575,728,0.58
Content 463,Netflix,Documentary,2024-12-25,16,73510,4374,0.37
Content 464,YouTube,Drama,2025-11-15,27,35989,732,0.54
Content 465,Netflix,Documentary,2024-09-16,62,14059,480,0.79
Content 466,Netflix,Music,2024-06-12,60,46803,3405,0.79
Content 467,YouTube,Technology,2025-12-15,45,89232,2860,0.56
Content 468,YouTube,Gaming,2024-12-11,18,20237,950,0.71
Content 469,Spotify,Music,2025-11-28,3,15117,912,0.8
Content 470,YouTube,Comedy,2025-06-09,53,110160,6396,0.44
Content 471,YouTube,Technology,2024-08-14,5,23220,1317,0.87
Content 472,Spotify,Education,2024-10-25,4,23261,1821,0.56
Content 473,Netflix,Comedy,2025-03-29,47,16943,1218,0.74
Content 474,YouTube,Music,2024-03-25,9,31980,1279,0.42
Content 475,YouTube,Documentary,2024-09-24,67,30648,1363,0.73
Content 476,Netflix,Education,2025-01-07,61,16410,1230,0.77
Content 477,YouTube,Music,2025-09-25,46,34200,1877,0.81
Content 478,Netflix,Drama,2025-11-25,21,72564,1836,0.77
Content 479,YouTube,Documentary,2025-06-22,32,43600,3194,0.58
Content 480,YouTube,Gaming,2025-09-18,10,34020,830,0.64
Content 481,Spotify,Comedy,2024-02-10,4,9385,573,0.57
Content 482,YouTube,Music,2024-07-24,14,22525,1239,0.82
Content 483,YouTube,Comedy,2024-04-20,16,31030,1712,0.77
Content 484,YouTube,Education,2024-02-19,40,3074,62,0.67
Content 485,YouTube,Comedy,2024-12-14,9,14906,1011,0.77
Content 486,YouTube,Music,2024-01-15,33,62458,1930,0.49
Content 487,Spotify,Gaming,2025-09-06,2,100023,2308,0.35
Content 488,YouTube,Gaming,2025-08-19,16,15432,1074,0.45
Content 489,Netflix,Technology,2025-12-05,26,32865,2532,0.79
Content 490,YouTube,Technology,2025-04-18,38,36417,880,0.73
Content 491,Spotify,Drama,2024-09-19,2,20126,995,0.38
Content 492,YouTube,Drama,2024-10-01,32,7113,448,0.55
Content 493,YouTube,Education,2025-08-17,53,15327,973,0.66
Content 494,YouTube,Music,2024-02-15,76,206483,12115,0.7
Content 495,YouTube,Gaming,2024-03-09,60,74882,4986,0.68
Content 496,YouTube,Music,2024-08-27,3,38976,2644,0.56
Content 497,YouTube,Technology,2025-02-22,4,15457,725,0.71
Content 498,YouTube,Music,2024-04-22,50,41320,2367,0.81
Content 499,Netflix,Technology,2025-02-12,24,86916,6242,0.61
Content 500,Spotify,Gaming,2024-01-02,4,34459,816,0.71
Content 501,YouTube,Comedy,2025-12-09,19,3104,152,0.47
Content 502,Spotify,Drama,2025-06-26,4,8464,636,0.79
Content 503,Netflix,Drama,2025-10-14,59,62904,4929,0.47
Content 504,Netflix,Drama,2025-09-13,31,46469,1685,0.75
Content 505,YouTube,Education,2024-10-14,16,28745,1613,0.53
Content 506,Spotify,Education,2024-07-03,3,29775,2033,0.84
Content 507,Netflix,Music,2024-06-16,3,5435,258,0.4
Content 508,Netflix,Music,2024-11-04,45,18755,674,0.38
Content 509,Netflix,Documentary,2024-08-12,40,90925,2584,0.58
Content 510,YouTube,Education,2025-03-30,44,11935,333,0.59
Content 511,YouTube,Comedy,2025-02-09,57,36613,1017,0.54
Content 512,YouTube,Education,2025-12-08,41,70301,2867,0.59
Content 513,Netflix,Education,2024-12-11,23,58038,2074,0.85
Content 514,Netflix,Gaming,2024-08-04,3,122434,8449,0.51
Content 515,Netflix,Technology,2024-05-16,13,46618,2861,0.62
Content 516,YouTube,Drama,2024-05-29,25,25791,440,0.87
Content 517,Spotify,Comedy,2024-06-05,2,10322,441,0.83
Content 518,YouTube,Music,2024-04-09,19,97496,4296,0.66
Content 519,Spotify,Music,2024-08-02,3,26836,1922,0.52
Content 520,Netflix,Drama,2024-03-15,42,65134,3592,0.52
Content 521,YouTube,Technology,2025-12-06,21,12097,472,0.63
Content 522,Netflix,Gaming,2024-05-29,8,104898,1580,0.52
Content 523,YouTube,Technology,2025-12-10,3,25250,1903,0.71
Content 524,YouTube,Education,2025-01-28,47,27754,1346,0.77
Content 525,Netflix,Gaming,2025-08-23,10,24342,1676,0.43
Content 526,Spotify,Documentary,2024-02-05,4,21403,1343,0.73
Content 527,YouTube,Documentary,2025-07-26,81,8428,189,0.88
Content 528,Spotify,Technology,2025-10-15,2,79955,1934,0.39
Content 529,YouTube,Drama,2025-11-12,3,1154,73,0.64
Content 530,Netflix,Comedy,2025-04-21,41,22315,683,0.49
Content 531,YouTube,Education,2024-12-05,10,8222,280,0.77
Content 532,Netflix,Documentary,2025-06-20,29,16625,814,0.84
Content 533,Netflix,Comedy,2025-12-30,15,27575,1652,0.75
Content 534,YouTube,Drama,2024-04-05,6,14907,965,0.76
Content 535,YouTube,Education,2024-12-25,17,20436,1109,0.41
Content 536,Spotify,Music,2024-03-28,4,88093,6637,0.71
Content 537,YouTube,Drama,2024-02-01,18,28559,1910,0.78
Content 538,YouTube,Education,2024-07-14,41,178255,7915,0.71
Content 539,YouTube,Music,2024-12-27,57,25940,1859,0.44
Content 540,Netflix,Technology,2024-06-10,57,3525,245,0.74
Content 541,Spotify,Drama,2024-01-01,5,6558,381,0.58
Content 542,Netflix,Documentary,2024-08-16,39,8351,295,0.62
Content 543,YouTube,Drama,2025-05-16,55,40075,2800,0.57
Content 544,Spotify,Music,2025-04-06,4,40263,2325,0.87
Content 545,Spotify,Gaming,2024-04-20,6,166288,6996,0.63
Content 546,Spotify,Comedy,2024-12-18,2,17332,779,0.63
Content 547,Spotify,Music,2025-08-01,6,38012,741,0.36
Content 548,YouTube,Education,2025-01-21,67,51673,3866,0.72
Content 549,Netflix,Education,2025-11-12,22,35642,1074,0.48
Content 550,Netflix,Documentary,2024-08-14,31,70525,1547,0.7
Content 551,YouTube,Comedy,2025-04-21,15,25243,1974,0.49
Content 552,YouTube,Documentary,2025-07-12,25,43516,1259,0.7
Content 553,YouTube,Comedy,2025-09-03,56,12479,487,0.61
Content 554,YouTube,Comedy,2024-03-24,65,50774,3763,0.84
Content 555,YouTube,Gaming,2025-10-18,19,6877,538,0.35
Content 556,Netflix,Gaming,2024-02-03,65,76121,4298,0.43
Content 557,Netflix,Music,2024-07-12,47,39206,1260,0.89
Content 558,Spotify,Comedy,2024-09-21,3,56968,3305,0.8
Content 559,Spotify,Education,2024-05-03,4,37930,2034,0.84
Content 560,Netflix,Comedy,2025-09-12,47,21148,1301,0.63
Content 561,YouTube,Comedy,2025-08-02,3,15696,756,0.67
Content 562,Spotify,Comedy,2024-01-04,2,150171,10090,0.61
Content 563,Netflix,Documentary,2025-05-21,33,15330,656,0.74
Content 564,Netflix,Drama,2024-01-02,25,33659,1242,0.55
Content 565,YouTube,Comedy,2025-07-17,11,23918,611,0.88
Content 566,Netflix,Documentary,2025-08-17,40,128662,7294,0.61
Content 567,YouTube,Drama,2024-01-19,40,14973,1030,0.65
Content 568,YouTube,Documentary,2025-12-22,31,25616,507,0.77
Content 569,Netflix,Documentary,2024-04-09,19,52657,2292,0.37
Content 570,YouTube,Gaming,2024-12-17,9,7505,265,0.7
Content 571,YouTube,Music,2024-04-02,3,49850,3580,0.85
Content 572,YouTube,Documentary,2025-10-20,37,21038,1202,0.59
Content 573,YouTube,Education,2024-12-12,3,26405,1045,0.42
Content 574,Netflix,Gaming,2024-02-04,49,196001,10032,0.54
Content 575,Netflix,Gaming,2025-01-06,43,3662,162,0.44
Content 576,Netflix,Technology,2025-11-07,54,5938,331,0.4
Content 577,YouTube,Drama,2025-09-24,14,18534,422,0.7
Content 578,Netflix,Technology,2024-02-10,69,85405,3753,0.86
Content 579,YouTube,Gaming,2025-05-21,19,7662,400,0.73
Content 580,Netflix,Music,2024-10-09,26,16283,626,0.69
Content 581,YouTube,Education,2025-11-09,47,10015,557,0.87
Content 582,YouTube,Drama,2025-07-12,44,9902,515,0.58
Content 583,Netflix,Gaming,2025-07-09,22,70984,1105,0.77
Content 584,Netflix,Gaming,2025-07-09,14,23049,1235,0.42
Content 585,Spotify,Comedy,2024-08-26,3,27459,1730,0.8
Content 586,Spotify,Documentary,2025-02-12,4,36745,2136,0.54
Content 587,Spotify,Documentary,2025-12-05,4,93313,7082,0.77
Content 588,Netflix,Comedy,2025-11-30,15,216202,8877,0.35
Content 589,Netflix,Technology,2024-08-29,3,92691,4105,0.55
Content 590,Netflix,Comedy,2025-07-15,19,12411,361,0.47
Content 591,YouTube,Technology,2025-07-17,21,1872,119,0.61
Content 592,Netflix,Education,2024-09-29,51,6818,166,0.36
Content 593,Netflix,Technology,2025-09-01,47,34147,1039,0.67
Content 594,Spotify,Drama,2024-09-11,5,11599,767,0.67
Content 595,Netflix,Drama,2024-01-25,54,6124,366,0.37
Content 596,Netflix,Music,2024-10-13,62,85091,3034,0.65
Content 597,Netflix,Comedy,2024-03-26,15,25515,857,0.37
Content 598,YouTube,Drama,2025-06-17,47,9523,483,0.77
Content 599,Netflix,Education,2024-05-19,64,55892,1706,0.36
Content 600,Spotify,Music,2025-09-03,2,13752,398,0.46
Content 601,Netflix,Technology,2024-08-04,3,16294,292,0.52
Content 602,YouTube,Education,2024-08-11,4,64870,3494,0.43
Content 603,Netflix,Comedy,2025-07-01,59,20380,963,0.42
Content 604,Netflix,Comedy,2025-10-05,34,16105,559,0.88
Content 605,Spotify,Education,2025-05-20,3,71016,1342,0.38
Content 606,Spotify,Drama,2025-03-16,2,19129,381,0.63
Content 607,Netflix,Education,2024-11-23,64,28660,2156,0.85
Content 608,YouTube,Comedy,2025-07-27,51,41695,1236,0.4
Content 609,YouTube,Gaming,2025-06-27,51,14591,642,0.68
Content 610,Spotify,Music,2024-04-19,4,21565,1092,0.78
Content 611,YouTube,Education,2025-11-03,40,44632,684,0.66
Content 612,Netflix,Documentary,2024-06-24,49,72202,5122,0.37
Content 613,Netflix,Gaming,2025-04-06,98,66412,1764,0.5
Content 614,Spotify,Documentary,2024-07-10,2,37186,844,0.82
Content 615,YouTube,Documentary,2024-12-20,66,11966,844,0.46
Content 616,YouTube,Drama,2024-03-30,74,37995,1199,0.38
Content 617,Netflix,Comedy,2024-04-29,64,32737,1907,0.72
Content 618,Netflix,Documentary,2024-06-05,79,10247,573,0.38
Content 619,YouTube,Music,2024-11-15,13,17934,938,0.76
Content 620,YouTube,Technology,2025-10-26,48,9272,273,0.84
Content 621,YouTube,Technology,2024-11-24,16,41983,2836,0.63
Content 622,Spotify,Gaming,2025-04-14,4,118955,4895,0.76
Content 623,Netflix,Music,2024-10-31,7,52596,3999,0.78
Content 624,Netflix,Music,2025-09-22,21,7466,548,0.73
Content 625,Spotify,Education,2025-04-17,4,90050,2682,0.58
Content 626,Netflix,Drama,2024-05-05,26,3837,188,0.62
Content 627,YouTube,Music,2024-05-08,35,30327,2370,0.38
Content 628,Spotify,Technology,2024-02-13,6,42439,2423,0.53
Content 629,YouTube,Gaming,2024-05-01,48,12115,394,0.45
Content 630,YouTube,Gaming,2025-10-01,36,22586,516,0.88
Content 631,Netflix,Comedy,2024-09-03,25,13608,503,0.74
Content 632,Netflix,Music,2024-08-22,57,16160,1258,0.69
Content 633,Netflix,Music,2025-02-05,47,18049,445,0.87
Content 634,Spotify,Education,2024-06-07,3,29089,853,0.85
Content 635,Netflix,Music,2024-09-17,23,57807,954,0.82
Content 636,YouTube,Music,2025-09-28,65,114074,7259,0.76
Content 637,YouTube,Documentary,2024-10-13,3,34747,2557,0.67
Content 638,YouTube,Music,2024-09-03,86,39661,2681,0.39
Content 639,Netflix,Drama,2024-07-25,23,11609,703,0.57
Content 640,Spotify,Comedy,2025-11-27,2,42831,1894,0.65
Content 641,Netflix,Gaming,2024-06-27,39,91698,2717,0.6
Content 642,Spotify,Gaming,2024-09-25,4,10365,489,0.5
Content 643,YouTube,Comedy,2024-01-22,14,19608,888,0.88
Content 644,Netflix,Education,2024-11-26,47,23325,622,0.63
Content 645,YouTube,Gaming,2025-10-31,57,47829,2541,0.73
Content 646,Netflix,Education,2024-06-29,3,15768,827,0.84
Content 647,YouTube,Comedy,2024-05-12,30,46428,2645,0.69
Content 648,YouTube,Documentary,2025-12-29,44,33446,2360,0.48
Content 649,Spotify,Education,2024-03-17,3,49216,1467,0.7
Content 650,YouTube,Education,2024-05-01,6,28878,512,0.79
Content 651,Spotify,Gaming,2024-09-06,2,6855,309,0.85
Content 652,Spotify,Drama,2025-09-01,6,52201,1585,0.75
Content 653,Netflix,Drama,2025-07-26,26,27565,1189,0.43
Content 654,Netflix,Technology,2025-12-25,67,39830,2704,0.67
Content 655,YouTube,Drama,2024-09-11,24,12420,884,0.54
Content 656,YouTube,Gaming,2025-02-25,45,24415,678,0.72
Content 657,Spotify,Drama,2024-01-13,2,13287,963,0.86
Content 658,YouTube,Education,2024-10-18,56,19632,923,0.54
Content 659,Netflix,Education,2025-10-14,35,36414,2328,0.71
Content 660,Netflix,Gaming,2024-10-19,15,8582,140,0.74
Content 661,YouTube,Technology,2025-02-27,3,7214,215,0.67
Content 662,Spotify,Technology,2025-07-25,3,49281,2998,0.62
Content 663,Spotify,Technology,2025-02-28,5,13736,425,0.64
Content 664,Spotify,Documentary,2025-06-15,4,2053,47,0.7
Content 665,Netflix,Technology,2025-03-26,17,30537,1840,0.72
Content 666,Spotify,Drama,2025-12-08,2,23643,1424,0.64
Content 667,Spotify,Comedy,2025-08-01,7,35784,1643,0.84
Content 668,YouTube,Documentary,2025-03-04,57,204163,13273,0.36
Content 669,Spotify,Comedy,2025-02-18,3,22454,1569,0.46
Content 670,Netflix,Gaming,2025-01-17,32,14432,743,0.63
Content 671,Spotify,Music,2025-08-18,4,43644,2081,0.6
Content 672,Netflix,Music,2025-06-29,3,7297,123,0.68
Content 673,Spotify,Technology,2025-05-10,3,57391,2868,0.63
Content 674,Netflix,Education,2024-02-14,20,72605,4643,0.86
Content 675,YouTube,Comedy,2025-03-29,34,28157,427,0.8
Content 676,Netflix,Drama,2025-12-01,7,4691,107,0.75
Content 677,YouTube,Documentary,2025-04-18,58,28587,1437,0.66
Content 678,Spotify,Comedy,2025-07-17,4,61306,4868,0.79
Content 679,Spotify,Comedy,2024-05-19,7,15274,848,0.64
Content 680,Netflix,Comedy,2025-04-25,36,39953,2939,0.41
Content 681,Spotify,Gaming,2025-02-18,5,104066,1928,0.69
Content 682,YouTube,Gaming,2025-06-20,13,29726,2189,0.52
Content 683,Netflix,Music,2025-08-09,7,11185,614,0.51
Content 684,YouTube,Documentary,2024-01-30,40,15810,254,0.79
Content 685,Spotify,Documentary,2024-05-09,5,80857,1884,0.36
Content 686,YouTube,Gaming,2024-02-28,25,38181,2370,0.81
Content 687,Netflix,Drama,2025-04-02,49,35842,1372,0.42
Content 688,YouTube,Documentary,2024-08-08,19,27601,655,0.46
Content 689,Netflix,Education,2025-01-13,22,5839,369,0.6
Content 690,Spotify,Documentary,2025-07-14,3,4602,248,0.36
Content 691,YouTube,Documentary,2025-10-02,72,20204,719,0.57
Content 692,Spotify,Education,2024-07-14,2,33693,2185,0.63
Content 693,Netflix,Music,2025-04-30,79,53868,1407,0.45
Content 694,YouTube,Technology,2024-09-18,53,13196,991,0.43
Content 695,YouTube,Gaming,2024-11-09,40,8256,367,0.59
Content 696,Netflix,Music,2025-06-02,21,48174,1898,0.47
Content 697,YouTube,Comedy,2024-03-27,75,94601,5064,0.55
Content 698,YouTube,Comedy,2025-09-07,25,14210,1042,0.68
Content 699,YouTube,Comedy,2025-06-22,50,31871,1932,0.7
Content 700,YouTube,Documentary,2024-02-03,7,66300,2656,0.46
Content 701,YouTube,Documentary,2024-01-16,11,99446,6269,0.88
Content 702,YouTube,Technology,2024-03-04,66,17545,904,0.47
Content 703,YouTube,Gaming,2024-01-15,25,8216,217,0.44
Content 704,Netflix,Gaming,2025-07-16,36,19846,759,0.65
Content 705,YouTube,Documentary,2024-06-02,16,82379,6243,0.59
Content 706,Netflix,Drama,2025-01-14,19,30538,1091,0.88
Content 707,YouTube,Education,2025-03-22,25,15570,312,0.81
Content 708,Spotify,Documentary,2024-06-06,5,15897,1051,0.88
Content 709,Spotify,Documentary,2025-02-18,3,41215,1207,0.56
Content 710,Spotify,Music,2024-03-21,6,50470,2667,0.45
Content 711,Spotify,Music,2025-07-31,2,75606,1346,0.42
Content 712,YouTube,Technology,2024-08-28,27,13909,508,0.87
Content 713,Spotify,Documentary,2024-01-10,2,21708,1439,0.8
Content 714,YouTube,Technology,2025-05-06,51,60921,3716,0.41
Content 715,Netflix,Education,2025-04-11,24,36678,700,0.88
Content 716,Netflix,Comedy,2024-10-24,29,45332,897,0.64
Content 717,YouTube,Documentary,2025-05-20,39,26804,430,0.55
Content 718,YouTube,Comedy,2025-10-12,28,4591,95,0.39
Content 719,YouTube,Drama,2025-07-10,61,76284,1543,0.83
Content 720,Netflix,Music,2024-01-17,28,24290,1669,0.43
Content 721,YouTube,Comedy,2025-01-23,37,12309,395,0.58
Content 722,YouTube,Gaming,2025-06-07,41,26124,1771,0.6
Content 723,Spotify,Drama,2025-02-23,5,28227,1183,0.68
Content 724,Netflix,Comedy,2025-01-19,46,4391,118,0.82
Content 725,Netflix,Gaming,2025-07-24,14,143913,6215,0.67
Content 726,Spotify,Education,2025-09-23,3,14257,520,0.53
Content 727,YouTube,Drama,2025-07-23,29,3868,58,0.49
Content 728,Spotify,Drama,2025-04-24,5,3476,150,0.41
Content 729,YouTube,Drama,2025-11-28,36,9438,596,0.6
Content 730,Netflix,Education,2024-12-21,18,26925,754,0.64
Content 731,YouTube,Documentary,2024-04-19,17,18627,1012,0.57
Content 732,Netflix,Technology,2024-08-27,58,26873,1098,0.68
Content 733,Netflix,Education,2025-09-21,61,150811,2812,0.37
Content 734,Netflix,Documentary,2024-12-28,53,46502,2156,0.4
Content 735,Netflix,Education,2024-01-27,30,4271,162,0.39
Content 736,Spotify,Drama,2024-10-23,3,23825,449,0.73
Content 737,YouTube,Music,2024-04-30,32,11007,434,0.89
Content 738,YouTube,Education,2025-10-06,23,54494,1957,0.85
Content 739,YouTube,Comedy,2025-04-22,58,1755,92,0.51
Content 740,YouTube,Drama,2024-12-06,22,131923,7779,0.41
Content 741,YouTube,Education,2025-10-15,3,5544,402,0.47
Content 742,Netflix,Drama,2025-07-12,62,27169,775,0.54
Content 743,Spotify,Comedy,2024-08-09,4,21934,869,0.86
Content 744,Netflix,Music,2025-05-27,15,15502,1187,0.86
Content 745,Netflix,Gaming,2025-03-15,17,52511,3322,0.48
Content 746,Spotify,Music,2024-10-25,4,14487,543,0.72
Content 747,YouTube,Documentary,2025-09-14,43,117331,7600,0.85
Content 748,Netflix,Technology,2025-04-12,59,6597,348,0.72
Content 749,Netflix,Comedy,2025-11-10,20,11714,282,0.86
Content 750,YouTube,Documentary,2025-01-24,33,35678,689,0.36
Content 751,YouTube,Music,2024-05-21,41,42238,2095,0.83
Content 752,Netflix,Music,2024-12-26,33,43553,3250,0.43
Content 753,Netflix,Comedy,2024-03-21,10,16908,424,0.44
Content 754,Netflix,Gaming,2024-10-02,32,53039,3876,0.54
Content 755,Netflix,Music,2025-10-29,4,56514,3121,0.5
Content 756,YouTube,Documentary,2025-07-14,21,9959,372,0.44
Content 757,YouTube,Documentary,2024-10-27,4,20146,707,0.85
Content 758,Netflix,Drama,2025-12-28,49,9061,501,0.67
Content 759,Spotify,Comedy,2025-03-07,3,27785,754,0.64
Content 760,YouTube,Education,2024-08-12,72,26028,834,0.71
Content 761,YouTube,Education,2024-05-05,58,17173,1302,0.74
Content 762,Netflix,Gaming,2024-07-30,42,11572,441,0.67
Content 763,YouTube,Documentary,2025-10-27,71,20070,1184,0.8
Content 764,Netflix,Music,2025-09-28,19,50438,3982,0.72
Content 765,Netflix,Technology,2025-01-21,30,8860,253,0.68
Content 766,Spotify,Education,2025-08-09,2,94710,1498,0.77
Content 767,Netflix,Music,2025-11-18,76,26184,821,0.78
Content 768,Netflix,Comedy,2024-11-22,38,6211,351,0.42
Content 769,YouTube,Documentary,2024-03-31,3,117142,6267,0.35
Content 770,YouTube,Documentary,2024-07-28,39,18013,450,0.44
Content 771,Netflix,Music,2025-06-04,50,11068,815,0.66
Content 772,Netflix,Drama,2025-09-19,31,4828,97,0.44
Content 773,Netflix,Comedy,2024-12-17,37,36047,1399,0.58
Content 774,YouTube,Education,2024-04-26,9,3551,282,0.41
Content 775,YouTube,Documentary,2024-06-24,8,11679,841,0.86
Content 776,Netflix,Music,2024-09-17,24,30845,1971,0.4
Content 777,Netflix,Technology,2025-05-10,60,16759,579,0.44
Content 778,Netflix,Music,2025-07-28,43,6892,213,0.82
Content 779,YouTube,Education,2025-09-14,55,51662,3942,0.55
Content 780,YouTube,Documentary,2024-10-21,20,15335,362,0.58
Content 781,Netflix,Technology,2024-03-28,6,12996,412,0.35
Content 782,Spotify,Technology,2024-12-12,4,12251,677,0.76
Content 783,Netflix,Gaming,2025-01-17,39,18399,1011,0.68
Content 784,YouTube,Technology,2025-01-07,74,43569,1600,0.49
Content 785,Netflix,Drama,2025-10-24,41,4109,259,0.77
Content 786,YouTube,Gaming,2024-08-09,44,116459,8366,0.84
Content 787,Spotify,Technology,2024-09-20,3,46203,2643,0.48
Content 788,YouTube,Music,2025-12-29,25,25331,1023,0.47
Content 789,Spotify,Gaming,2025-05-31,3,14675,873,0.82
Content 790,Netflix,Drama,2025-03-08,22,22885,1492,0.84
Content 791,Netflix,Music,2024-11-06,4,80226,1386,0.71
Content 792,Netflix,Music,2024-03-12,3,94886,3385,0.66
Content 793,YouTube,Comedy,2024-02-10,15,28399,1939,0.75
Content 794,Netflix,Music,2024-07-10,48,7540,527,0.8
Content 795,YouTube,Technology,2025-08-15,22,13872,596,0.57
Content 796,YouTube,Education,2024-06-25,27,10876,301,0.43
Content 797,YouTube,Gaming,2025-01-19,3,20659,929,0.53
Content 798,Netflix,Education,2024-08-23,32,5260,383,0.57
Content 799,Netflix,Documentary,2024-04-05,3,28745,1199,0.82
Content 800,Netflix,Education,2025-03-20,46,16411,927,0.7
Content 801,Spotify,Comedy,2024-03-10,3,226264,12101,0.86
Content 802,Spotify,Documentary,2024-12-09,3,17633,276,0.55
Content 803,Netflix,Drama,2024-06-23,53,64616,4583,0.83
Content 804,Spotify,Technology,2025-07-10,4,24581,1493,0.51
Content 805,YouTube,Documentary,2025-11-14,3,317717,19659,0.78
Content 806,Spotify,Drama,2025-05-15,2,32839,1893,0.6
Content 807,Spotify,Documentary,2025-01-18,2,15695,465,0.59
Content 808,Netflix,Comedy,2024-08-29,59,26055,391,0.78
Content 809,Netflix,Documentary,2024-07-19,13,12814,256,0.81
Content 810,YouTube,Documentary,2025-11-05,43,69067,4788,0.6
Content 811,Netflix,Gaming,2024-02-04,27,32412,1351,0.83
Content 812,YouTube,Education,2025-07-16,3,60020,3179,0.44
Content 813,YouTube,Comedy,2025-11-06,23,2337,98,0.72
Content 814,YouTube,Education,2024-12-14,13,25568,906,0.75
Content 815,YouTube,Documentary,2024-10-03,7,56965,3511,0.71
Content 816,Spotify,Technology,2024-05-31,7,39780,596,0.7
Content 817,Netflix,Drama,2024-03-12,15,68369,1949,0.79
Content 818,YouTube,Comedy,2024-09-01,40,39930,2406,0.46
Content 819,Spotify,Documentary,2025-01-04,5,23358,784,0.76
Content 820,Netflix,Technology,2025-06-12,14,54268,899,0.38
Content 821,Netflix,Drama,2024-12-22,61,23899,605,0.79
Content 822,Netflix,Drama,2025-08-27,12,89708,5617,0.43
Content 823,Netflix,Drama,2024-08-31,33,26221,1548,0.74
Content 824,Netflix,Technology,2025-06-10,27,16859,466,0.53
Content 825,Netflix,Gaming,2024-03-10,67,100421,5656,0.85
Content 826,Netflix,Documentary,2025-09-25,30,77123,1659,0.57
Content 827,Netflix,Music,2025-06-23,35,17088,1144,0.44
Content 828,Netflix,Gaming,2024-04-30,90,45165,999,0.51
Content 829,Spotify,Drama,2025-09-16,5,96690,1461,0.66
Content 830,YouTube,Documentary,2024-06-21,14,94290,3447,0.86
Content 831,Netflix,Gaming,2024-12-13,5,48525,952,0.62
Content 832,Netflix,Technology,2024-10-31,16,12173,610,0.87
Content 833,Spotify,Technology,2025-12-28,3,53089,3502,0.85
Content 834,Netflix,Drama,2025-12-22,3,23715,1154,0.51
Content 835,Netflix,Music,2024-04-28,43,37152,1602,0.69
Content 836,YouTube,Gaming,2024-04-13,32,6951,284,0.84
Content 837,Spotify,Music,2025-01-24,4,20456,548,0.62
Content 838,Spotify,Documentary,2025-09-30,2,6417,289,0.77
Content 839,Netflix,Music,2025-07-15,53,25777,1086,0.49
Content 840,Spotify,Technology,2025-06-04,5,41133,2227,0.67
Content 841,YouTube,Technology,2025-09-01,43,63509,4817,0.5
Content 842,Spotify,Drama,2025-08-14,5,195832,13507,0.64
Content 843,Netflix,Technology,2024-02-27,43,4985,276,0.66
Content 844,YouTube,Technology,2024-10-31,6,28788,1978,0.74
Content 845,Netflix,Comedy,2025-11-17,15,55119,3044,0.53
Content 846,YouTube,Education,2024-08-26,22,64642,4898,0.62
Content 847,YouTube,Comedy,2025-04-11,44,26366,1646,0.53
Content 848,Netflix,Comedy,2025-01-25,43,13300,642,0.88
Content 849,Netflix,Comedy,2024-12-06,28,7344,359,0.75
Content 850,Spotify,Comedy,2024-07-25,6,30606,2069,0.69
Content 851,YouTube,Music,2024-12-04,53,66201,3136,0.68
Content 852,YouTube,Education,2024-10-05,86,12845,513,0.66
Content 853,Spotify,Education,2024-01-22,2,14398,886,0.55
Content 854,Netflix,Gaming,2025-01-10,38,20103,1404,0.51
Content 855,YouTube,Education,2024-03-06,29,200299,4986,0.68
Content 856,Netflix,Education,2024-09-14,36,20429,1614,0.43
Content 857,Netflix,Gaming,2024-06-14,21,48997,3765,0.73
Content 858,YouTube,Gaming,2024-01-03,17,43181,2070,0.75
Content 859,YouTube,Comedy,2025-11-09,52,215279,6873,0.65
Content 860,YouTube,Technology,2024-11-19,76,16923,470,0.61
Content 861,Netflix,Education,2024-12-18,34,24407,1354,0.52
Content 862,YouTube,Gaming,2025-10-08,48,27953,1275,0.64
Content 863,YouTube,Music,2024-08-03,28,16837,320,0.54
Content 864,Netflix,Technology,2024-02-14,18,8304,426,0.83
Content 865,YouTube,Technology,2025-08-08,22,4706,330,0.61
Content 866,Spotify,Documentary,2024-01-05,2,1667,57,0.71
Content 867,Spotify,Drama,2025-09-22,5,47382,3282,0.72
Content 868,Spotify,Drama,2024-06-10,6,25635,822,0.6
Content 869,Spotify,Documentary,2025-05-20,4,14729,943,0.72
Content 870,Netflix,Music,2025-06-26,52,10734,375,0.58
Content 871,YouTube,Education,2025-11-25,72,19295,806,0.39
Content 872,YouTube,Education,2024-12-17,48,8159,210,0.55
Content 873,YouTube,Documentary,2024-09-13,8,10888,191,0.55
Content 874,Spotify,Gaming,2024-12-15,3,7120,189,0.49
Content 875,Spotify,Comedy,2025-07-19,3,20016,934,0.83
Content 876,YouTube,Gaming,2025-04-27,38,12446,662,0.65
Content 877,Netflix,Gaming,2024-06-18,47,2718,191,0.8
Content 878,YouTube,Drama,2025-10-20,3,7157,386,0.4
Content 879,Netflix,Education,2025-02-11,4,45850,1195,0.58
Content 880,YouTube,Documentary,2024-04-25,74,6412,140,0.45
Content 881,Netflix,Education,2025-01-04,42,10132,385,0.72
Content 882,Spotify,Comedy,2024-11-05,3,35756,947,0.59
Content 883,Spotify,Comedy,2024-05-02,2,39919,611,0.42
Content 884,YouTube,Comedy,2025-07-12,53,6448,510,0.6
Content 885,Spotify,Technology,2025-02-25,3,12900,276,0.66
Content 886,Spotify,Music,2025-12-18,3,208020,4158,0.46
Content 887,Netflix,Drama,2025-09-24,27,9668,408,0.57
Content 888,Netflix,Music,2024-11-15,22,82923,5500,0.8
Content 889,Netflix,Documentary,2024-06-22,41,15938,360,0.38
Content 890,Spotify,Drama,2025-09-11,3,22359,548,0.42
Content 891,Netflix,Technology,2024-07-24,3,20771,1050,0.81
Content 892,Netflix,Education,2025-02-08,34,13972,423,0.79
Content 893,YouTube,Comedy,2024-02-03,28,81375,4865,0.87
Content 894,Spotify,Education,2024-05-04,2,126656,5561,0.65
Content 895,YouTube,Education,2024-07-04,4,160174,9846,0.57
Content 896,YouTube,Documentary,2025-12-18,25,10727,646,0.81
Content 897,YouTube,Gaming,2024-06-17,43,3376,60,0.68
Content 898,YouTube,Music,2024-07-30,3,32184,618,0.5
Content 899,YouTube,Drama,2024-06-01,76,40142,2077,0.5
Content 900,Netflix,Comedy,2024-01-06,44,42190,2542,0.79
